Channel Title,Channel Username,Timestamp,Message,Views
Zemen Express®,ZemenExpress,2025-06-23 14:55:46+00:00,"💥💥👀 ...........💥💥

📌 Electric Charcoal Burner 

👍በቀላሉ ከሰል ለማያያዝ የሚሆን
👍 አነስ ያለ ቦታ የማይዝ   
👍በኤሌክትሪክ የሚሰራ 
👍ሻይ፣ ቡና ለማፍላት የሚሆን

ዋጋ፦  💵🏷 1600 ብር ✅✅
                       

♦️ውስን ፍሬ ነው ያለው🔥🔥🔥

🏢 አድራሻ👉


📍♦️#መገናኛ_መሰረት_ደፋር_ሞል_ሁለተኛ_ፎቅ ቢሮ ቁ. S05/S06


     💧💧💧💧


    📲 0902660722
    📲 0928460606 

🔖
💬በTelegram ለማዘዝ ⤵️ ይጠቀሙ🔽

@zemencallcenter 

@zemenexpressadmin

ለተጨማሪ ማብራሪያ የቴሌግራም ገፃችን⤵️
https://telegram.me/zemenexpress

💥💥...................................💥💥",1691
Zemen Express®,ZemenExpress,2025-06-23 14:55:40+00:00,,1485
Zemen Express®,ZemenExpress,2025-06-23 14:55:40+00:00,,1480
Zemen Express®,ZemenExpress,2025-06-23 14:55:40+00:00,,1475
Zemen Express®,ZemenExpress,2025-06-23 14:55:40+00:00,"💥💥👀 ...........💥💥

📌 Electric Charcoal Burner 

👍በቀላሉ ከሰል ለማያያዝ የሚሆን
👍 አነስ ያለ ቦታ የማይዝ   
👍በኤሌክትሪክ የሚሰራ 
👍ሻይ፣ ቡና ለማፍላት የሚሆን

ዋጋ፦  💵🏷 1600 ብር ✅✅
                       

♦️ውስን ፍሬ ነው ያለው🔥🔥🔥

🏢 አድራሻ👉


📍♦️#መገናኛ_መሰረት_ደፋር_ሞል_ሁለተኛ_ፎቅ ቢሮ ቁ. S05/S06


     💧💧💧💧


    📲 0902660722
    📲 0928460606 

🔖
💬በTelegram ለማዘዝ ⤵️ ይጠቀሙ🔽

@zemencallcenter 

@zemenexpressadmin

ለተጨማሪ ማብራሪያ የቴሌግራም ገፃችን⤵️
https://telegram.me/zemenexpress

💥💥...................................💥💥",1405
Zemen Express®,ZemenExpress,2025-06-23 14:55:30+00:00,"💥💥👀 ...........💥💥

📌 Electric Charcoal Burner 

👍በቀላሉ ከሰል ለማያያዝ የሚሆን
👍 አነስ ያለ ቦታ የማይዝ   
👍በኤሌክትሪክ የሚሰራ 
👍ሻይ፣ ቡና ለማፍላት የሚሆን

ዋጋ፦  💵🏷 1600 ብር ✅✅
                       

♦️ውስን ፍሬ ነው ያለው🔥🔥🔥

🏢 አድራሻ👉


📍♦️#መገናኛ_መሰረት_ደፋር_ሞል_ሁለተኛ_ፎቅ ቢሮ ቁ. S05/S06


     💧💧💧💧


    📲 0902660722
    📲 0928460606 

🔖
💬በTelegram ለማዘዝ ⤵️ ይጠቀሙ🔽

@zemencallcenter 

@zemenexpressadmin

ለተጨማሪ ማብራሪያ የቴሌግራም ገፃችን⤵️
https://telegram.me/zemenexpress

💥💥...................................💥💥",1407
Zemen Express®,ZemenExpress,2025-06-23 08:23:14+00:00,,2402
Zemen Express®,ZemenExpress,2025-06-23 08:23:14+00:00,,2408
Zemen Express®,ZemenExpress,2025-06-23 08:23:14+00:00,,2376
Zemen Express®,ZemenExpress,2025-06-23 08:23:14+00:00,"💥💥...................................💥💥

📌Food mould Tool

👍ስድስት አይነት ቅርጽ

ዋጋ፦  💵🏷 700 ብር

♦️ውስን ፍሬ ነው ያለው🔥🔥🔥

🏢 አድራሻ👉

📍♦️#መገናኛ_መሰረት_ደፋር_ሞል_ሁለተኛ_ፎቅ ቢሮ ቁ. S05/S06


     💧💧💧💧


    📲 0902660722
    📲 0928460606 

🔖
💬በTelegram ለማዘዝ ⤵️ ይጠቀሙ🔽

@zemencallcenter 

@zemenexpressadmin

ለተጨማሪ ማብራሪያ የቴሌግራም ገፃችን⤵️
https://telegram.me/zemenexpress

💥💥...................................💥💥",2344
Zemen Express®,ZemenExpress,2025-06-21 16:35:51+00:00,,3253
Zemen Express®,ZemenExpress,2025-06-21 16:35:51+00:00,,3294
Zemen Express®,ZemenExpress,2025-06-21 16:35:51+00:00,,3288
Zemen Express®,ZemenExpress,2025-06-21 16:35:51+00:00,"💥💥...................................💥💥

📌Saachi Electric Kettle

👍Borosilicate Glass Body
👍Overheat protection
👍Automatic switch off
👍2200w

ዋጋ፦  💲🏷 2700  ብር ✅

♦️ውስን ፍሬ ነው ያለው🔥🔥🔥

🏢 አድራሻ👉

📍♦️#መገናኛ_መሰረት_ደፋር_ሞል_ሁለተኛ_ፎቅ ቢሮ ቁ. S05/S06


     💧💧💧💧


    📲 0902660722
    📲 0928460606 

🔖
💬በTelegram ለማዘዝ ⤵️ ይጠቀሙ🔽

@zemencallcenter 

@zemenexpressadmin

ለተጨማሪ ማብራሪያ የቴሌግራም ገፃችን⤵️
https://telegram.me/zemenexpress

💥💥...................................💥💥",3172
Zemen Express®,ZemenExpress,2025-06-21 08:07:31+00:00,,3201
Zemen Express®,ZemenExpress,2025-06-21 08:07:31+00:00,,3297
Zemen Express®,ZemenExpress,2025-06-21 08:07:31+00:00,,3280
Zemen Express®,ZemenExpress,2025-06-21 08:07:31+00:00,"💥💥...................................💥💥

3pcs Bottle Stopper 

👍በማንኛውም ጠርሙስ ጫፍ የሚገጠም 
👍ለዘይት እና መሰል ነገሮች መቀነሻ የሚሆን
👍በአግባቡ እየመጠንን ለመጠቀም ተመራጭ

ዋጋ፦  💲🏷  3ፍሬ➡️ 400 ብር

♦️ውስን ፍሬ ነው ያለው 🔥🔥🔥

🏢 አድራሻ👉

📍♦️#መገናኛ_መሰረት_ደፋር_ሞል_ሁለተኛ_ፎቅ ቢሮ ቁ. S05/S06


     💧💧💧💧


    📲 0902660722
    📲 0928460606 

🔖
💬በTelegram ለማዘዝ ⤵️ ይጠቀሙ🔽

@zemencallcenter 

@zemenexpressadmin

ለተጨማሪ ማብራሪያ የቴሌግራም ገፃችን⤵️
https://telegram.me/zemenexpress

💥💥...................................💥💥",3149
Zemen Express®,ZemenExpress,2025-06-21 08:07:11+00:00,"💥💥...................................💥💥

3pcs Bottle Stopper 

👍በማንኛውም ጠርሙስ ጫፍ የሚገጠም 
👍ለዘይት እና መሰል ነገሮች መቀነሻ የሚሆን
👍በአግባቡ እየመጠንን ለመጠቀም ተመራጭ

ዋጋ፦  💲🏷  3ፍሬ➡️ 400 ብር

♦️ውስን ፍሬ ነው ያለው 🔥🔥🔥

🏢 አድራሻ👉

📍♦️#መገናኛ_መሰረት_ደፋር_ሞል_ሁለተኛ_ፎቅ ቢሮ ቁ. S05/S06


     💧💧💧💧


    📲 0902660722
    📲 0928460606 

🔖
💬በTelegram ለማዘዝ ⤵️ ይጠቀሙ🔽

@zemencallcenter 

@zemenexpressadmin

ለተጨማሪ ማብራሪያ የቴሌግራም ገፃችን⤵️
https://telegram.me/zemenexpress

💥💥...................................💥💥",2740
Zemen Express®,ZemenExpress,2025-06-21 05:42:46+00:00,"💥💥...................................💥💥

📌1 pairs Sneaker Crease Protector

ዋጋ፦  💵🏷 400 ብር

♦️ውስን ፍሬ ነው ያለው🔥🔥🔥

🏢 አድራሻ👉

📍♦️#መገናኛ_መሰረት_ደፋር_ሞል_ሁለተኛ_ፎቅ ቢሮ ቁ. S05/S06


     💧💧💧💧


    📲 0902660722
    📲 0928460606 

🔖
💬በTelegram ለማዘዝ ⤵️ ይጠቀሙ🔽

@zemencallcenter 

@zemenexpressadmin

ለተጨማሪ ማብራሪያ የቴሌግራም ገፃችን⤵️
https://telegram.me/zemenexpress

💥💥...................................💥💥",2824
Zemen Express®,ZemenExpress,2025-06-21 05:42:19+00:00,,3026
Zemen Express®,ZemenExpress,2025-06-21 05:42:19+00:00,"💥💥...................................💥💥

📌1 pairs Sneaker Crease Protector

ዋጋ፦  💵🏷 400 ብር

♦️ውስን ፍሬ ነው ያለው🔥🔥🔥

🏢 አድራሻ👉

📍♦️#መገናኛ_መሰረት_ደፋር_ሞል_ሁለተኛ_ፎቅ ቢሮ ቁ. S05/S06


     💧💧💧💧


    📲 0902660722
    📲 0928460606 

🔖
💬በTelegram ለማዘዝ ⤵️ ይጠቀሙ🔽

@zemencallcenter 

@zemenexpressadmin

ለተጨማሪ ማብራሪያ የቴሌግራም ገፃችን⤵️
https://telegram.me/zemenexpress

💥💥...................................💥💥",3128
ልዩ እቃ,Leyueqa,2025-06-24 07:52:46+00:00,,603
ልዩ እቃ,Leyueqa,2025-06-24 07:52:46+00:00,,633
ልዩ እቃ,Leyueqa,2025-06-24 07:52:46+00:00,"🥰🥰Crafted from durable, lightweight material, this play tent is incredibly easy to pop up and fold down, making it ideal for spontaneous playtime and convenient storage.
          💵💵 **price 2400**💵💵
🎁በተጨማሪ #ከ_1000_ብር በላይ የሆኑ
#ሁለት_ዕቃዎች በአንድዲሊቨሪ ግዜ  ሲያዙ ስጦታ እንልክለዎታለን 
T.me/Leyueqa ቻናላችንን ለጓደኛዎ ሸር ማድረግዎን አይርሱ 
       
         0933334444 @LeMazez_z
📞   0944109295 @Lemaze_z
         0946242424 @Le_Mazez
   🤍አድራሻ
⭕️ቁጥር 1 ልደታ ወደ ባልቻ ሆስፒታል ገባ ብሎ  አህመድ ህንፃ ላይ 1ኛፎቅ 114B",633
ልዩ እቃ,Leyueqa,2025-06-24 05:25:07+00:00,"🟢Dough Matt 

✅️ የሊጥ መዳመጫ ምንጣፍ 
✅️ምንጣፉ ሊጥ የማይዝ፣ የማይንሸራተት እና ልኬት ቁጥር ያለው ሲልከን ጎማ
 ዋጋ 700
🎁በተጨማሪ #ከ_1000_ብር በላይ የሆኑ
#ሁለት_ዕቃዎች በአንድዲሊቨሪ ግዜ  ሲያዙ ስጦታ እንልክለዎታለን 
T.me/Leyueqa ቻናላችንን ለጓደኛዎ ሸር ማድረግዎን አይርሱ 
       
         0933334444 @LeMazez_z
📞   0944109295 @Lemaze_z
         0946242424 @Le_Mazez
   ✅አድራሻ
⭕️ቁጥር 1 ልደታ ወደ ባልቻ ሆስፒታል ገባ ብሎ  አህመድ ህንፃ ላይ 1ኛፎቅ 114B",2997
ልዩ እቃ,Leyueqa,2025-06-23 12:39:46+00:00,"🧳🧳🧳Portable drying rack Clips cloth hanger

ልብስ ማስጫ

💭የሚዘረጋ የሚሰበሰብ
💭የራሱ የልብስ መቆንጠጫ ያለው 

💭ተንቀሳቃሽ  ከ 1•80___3•60 ሜትር ድረስ የሚሳብ
በሁለቱም ሳይድ ሁክ ያለዉ
**
የ 1ዋጋ   ****✅**🟥**700 ብር  
2ፍሬ እና በላይ ነፃ ዲሊቨሪ አለዉ**

ክፍያዎን_ ዕቃዉ _እጅዎ ሲደርስ_ከፈለጉ_በካሽ_አልያም_በሞባይል_ባንኪንግ_መፈፀም_ይችላሉ በተጨማሪ #ከ_1000_ብር በላይ የሚተመኑ #ሁለት_ዕቃዎች በአንድዲሊቨሪ ግዜ  ሲያዙ ስጦታ እንልክለዎታለን 
🎁 T.me/Leyueqa👈ቻናላችንን ለጓደኛዎ ሸር ማድረግዎን አይርሱ 
     ከነፃ ዲሊቨሪ ጋር
🚗ያሉበት ቦታ ድረስ በነጻ እናደርሳለን (Free Delivery)⭕️2ዕቃ ከ1 ሺ ብር በላይ የሚተመኑ ዕቃዎች ሲገዙ ስጦታ🎀 አዘጋጅተናል

   0933334444 @LeMazez_z
   0944109295 @Lemaze_z
   0946242424 @Le_Mazez
አድራሻ✅
⭕️ቁጥር 1 ልደታ ወደ ባልቻ ሆስፒታል ገባ ብሎ  አህመድ ህንፃ ላይ 1ኛፎቅ 105B
⭕️ቁጥር 2 __ 22 አውራሪስ ሆቴል አጠገብ  በፀጋ ህንፃ 3ኛ ፎ ቅ ከ ሊፍቱ  በ ግራ የሱቅ ቁጥር👌 C10 
ይደዉሉልን👆",6632
ልዩ እቃ,Leyueqa,2025-06-23 08:25:17+00:00,"☀️☀️baby water proof  mattres

price 👉950 Bir 💵

🎁በተጨማሪ #ከ_1000_ብር በላይ የሆኑ
#ሁለት_ዕቃዎች በአንድዲሊቨሪ ግዜ  ሲያዙ ስጦታ እንልክለዎታለን 
T.me/Leyueqa ቻናላችንን ለጓደኛዎ ሸር ማድረግዎን አይርሱ 
       
         0933334444 @LeMazez_z
📞   0944109295 @Lemaze_z
         0946242424 @Le_Mazez
   🔄አድራሻ
⭕️ቁጥር 1 ልደታ ወደ ባልቻ ሆስፒታል ገባ ብሎ  አህመድ ህንፃ ላይ 1ኛፎቅ 114B",7970
ልዩ እቃ,Leyueqa,2025-06-23 06:51:47+00:00,,8283
ልዩ እቃ,Leyueqa,2025-06-23 06:51:47+00:00,,8285
ልዩ እቃ,Leyueqa,2025-06-23 06:51:47+00:00,"🔹🔹Toilet Paper Holder In Bathroom - Self Adhesive Tissue Roll Holder For Bathroom. A Product By Styleys Magic Sticker Series. Diy Quick Installation In A Minute. Our Bathroom Organizers Comes With Strong Self Adhesive Sticker. No Extra Tool Or Hardware Required For Installation. These Are Far Better Than Vacuum Suction Types Which Keeps On Falling
Price🔹 1350#ክፍያዎን_ ዕቃዉ _እጅዎ ሲደርስ_ከፈለጉ_በካሽ_አልያም_በሞባይል_ባንኪንግ_መፈፀም_ይችላሉ በተጨማሪ #ከ_1000_ብር በላይ የሚተመኑ #ሁለት_ዕቃዎችን_ ሲገዙ ስጦታ እንልክለዎታለን 

🎁 T.me/Leyueqa 👈ቻናላችንን ለጓደኛዎ ሸር ማድረግዎን አይርሱ
            0933334444 @LeMazez_z
            0946242424 @Le_Mazez
            0944109295 @Lemaze_z",7744
ልዩ እቃ,Leyueqa,2025-06-21 13:30:20+00:00,"⌛Shock and Anti Slip Pad/Mat

🚩ለላውንደሪ ማሽኖችና ፍሪጆች እግር የሚሆን
🚩ለቤቶና ለቢሮ እቃዎች እንዳይንሸራተቱ የሚያደርግ
🚩 ንዝረትና መንቀጥቀጥን የሚያስቀር
🚩ለፅዳት የሚመች
 
             **አራቱንም በ 550 ብር**

0933334444 @LeMazez_z
0946242424 @Le_Mazez
0944109295 @Lemaze_z
✅አድራሻ
⭕️ቁጥር 1 ልደታ ወደ ባልቻ ሆስፒታል ገባ ብሎ  አህመድ ህንፃ ላይ 1ኛፎቅ 114B",11277
ልዩ እቃ,Leyueqa,2025-06-21 10:45:04+00:00,"🛍🛍USB Warm Coaster Heated Coffee Mug Portable Office Desk Portable Cup, Heater Coffee Mug Warmer Electric Cup Warmer (1 Pc)Description :- CUP WARMER PAD-- use at the office, home, dorm, and travel!

**price 💵1150 with delivery**✔️

🎁በተጨማሪ #ከ_1000_ብር በላይ የሆኑ
#ሁለት_ዕቃዎች በአንድዲሊቨሪ ግዜ  ሲያዙ ስጦታ እንልክለዎታለን 
T.me/Leyueqa ቻናላችንን ለጓደኛዎ ሸር ማድረግዎን አይርሱ 
       
         0933334444 @LeMazez_z
📞   0944109295 @Lemaze_z
         0946242424 @Le_Mazez
   ✅አድራሻ
⭕️ቁጥር 1 ልደታ ወደ ባልቻ ሆስፒታል ገባ ብሎ  አህመድ ህንፃ ላይ 1ኛፎቅ 114B",10798
ልዩ እቃ,Leyueqa,2025-06-21 08:12:16+00:00,,10760
ልዩ እቃ,Leyueqa,2025-06-21 08:12:16+00:00,,10952
ልዩ እቃ,Leyueqa,2025-06-21 08:12:16+00:00,"😊😊**SONIFER 5 IN1  HAND BLENDER 
**🤍**የተለያዩ ነገሮችን መፍጨት እና መደባለቅ የሚችል
**🤍**አንድ የእንቁላል መምቻ ያለው
**🤍**አንድ የሊጥ ማብኪያ ያለው  
**🤍**አንድ 600ml የሚይዝ ጆግ ያለው 
**🤍**የተለያዩ የህፃናት ምግቦችን ለመፍጨት የሚሆን
**🤍**የራሱ የሆነ ማስቀመጫ ያለው 
**🤍**ለማፅዳት እና ለአጠቃቀም ቀላል

 በ ****🤍****4700 ብር ከነፃ ዲሊቨሪ ጋር**💵

**በተጨማሪ **#ከ_1000_ብር** በላይ የሆኑ
**#ሁለት_ዕቃዎች** በአንድዲሊቨሪ ግዜ  ሲያዙ ስጦታ እንልክለዎታለን **
T.me/Leyueqa ቻናላችንን ለጓደኛዎ ሸር ማድረግዎን አይርሱ 
       
   0933334444 @LeMazez_z
   0944109295 @Lemaze_z
   0946242424 @Le_Mazez
   ✅አድራሻ
⭕️ቁጥር 1 ልደታ ወደ ባልቻ ሆስፒታል ገባ ብሎ  አህመድ ህንፃ ላይ 1ኛፎቅ 114B",9979
ልዩ እቃ,Leyueqa,2025-06-21 06:32:55+00:00,"☀️መብራት ሲጠፋብዎ አዲስ የእጅ ባትሪ በቻርጀር የሚሰራ
ለመያዝ ቀላል እና ቀልጠፍ ያለች
             
           💵**ዋጋ 1200ብር**💵

 📊**ያሉበት ድረስ በነፃ እናደርሳለን 
           ውስን ፍሬ ነው ያለው **⚠️

          0933334444 @LeMaze_z📞    0946242424 @Le_Mazez
          0944109295 @Lemaze_z",10446
ልዩ እቃ,Leyueqa,2025-06-20 10:47:45+00:00,"🎁🎁🎁Portable Electric Lunch Box

⏩የኤሌክትሪክ ማሞቂያ ያለው የምሳ እቃ ♨️
⏩ከዚህ በኋላ የያዝኩት ምግብ ይቀዘቅዝብኛል ብለው አይስጉ

⭐️በቢሮዎ ውስጥ
⭐️ለልጆች ትምህርት ቤት
⭐️በማንኛዉም ሰአት በማንኛዉም ጊዜ ንፁ እና ትኩስ ምግብ ይመገቡ
✨ለ ህፃናትም ሆነ ለአዋቂዎች ምቹ ተደርጎ የተዘጋጀ

🧼ለማጽዳት ቀላል

🔥Cooking_Lunch_Box
⚡️#Material: Stainless Steel+ Plastic
⚡️#Power: 40W
⚡️#Voltage: 220V
⚡️#Capicity: 1.05L (Rice Box 0.6L, Dish Box 0.45L)

#Package_Includes
1× Lunch Box
1× Home Adapter
1× Car Adapter

🔴Available_Color: Blue, Green, 
                                 Orange, Red

**💵****ዋጋ፦  1,550 ብር ቦርሳ የለዉም****😀**** ****💵**


#ክፍያዎን_ ዕቃዉ _እጅዎ ሲደርስ_ከፈለጉ_በካሽ_አልያም_በሞባይል_ባንኪንግ_መፈፀም_ይችላሉ በተጨማሪ #ከ_1000_ብር በላይ የሚተመኑ #ሁለት_ዕቃዎችን_ ሲገዙ ስጦታ እንልክለዎታለን 
🎁 T.me/Leyueqa 👈ቻናላችንን ለጓደኛዎ ሸር ማድረግዎን አይርሱ 
           
          
            0933334444 @LeMazez_z
            0944109295 @Lemaze_z
            0946242424 @Le_Mazez",12775
ልዩ እቃ,Leyueqa,2025-06-20 08:11:08+00:00,"🔥🔥**Saachi አንጀት አርስ ስቶቭ ባለ  2 ተች ስቶቭ **
🔄An environmentally friendly and safe plate based on a light wave
💯Light wave technology
💯Safe and high Quality, ⛔️does not emit smoke and flame
Suitable for this product: cooking,
🙂can be roasted and steamed
This appliance can perform a variety of functions, including a multi-function plate Has a heating function

🟢ግዜዎን እና ጉልበትዎን የሚቆጥብ ፈጣን ስቶቭ
**
 ****🟢****ባለ 2 price **9500  Delivery Free #ክፍያዎን_ ዕቃዉ _እጅዎ ሲደርስ_በሞባይል_ባንኪንግ_መፈፀም_ይችላሉበተጨማሪ #ሁለት ዕቃዎችን ከ_1000_ብር በላይ የሚተመኑ  2 ዕቃዎችን_አንዴ  ሲገዙ ስጦታ እንልክለዎታለን 
            0933334444 @LeMazez_z
            0944109295 @Lemaze_z
            0946242424 @Le_Mazez",12404
ልዩ እቃ,Leyueqa,2025-06-20 06:11:37+00:00,"👉👉👉Super Stretch Silicon Lids ( 6 pack )

🔰የዕቃ መሸፈኛ ሲሊከን ፕላስቲኮች በተደጋጋሚ የምንጠቀምባቸዉ በተለያዩ ሳይዞች የቀረቡ የሚለጠጥ የማይቀደድ 

Kitchen + Home Silicone Stretch Lids  
Set of 6 Silicone Food Saver Covers 

🔰 Superior Quality  
🔰 Lids that fit 
🔰 Reusable 
🔰 Temperature Resistant  
🔰 Food Safe

        ዋጋ👉 450ብር
  
 **       በተጨማሪ ****#ከ_1000_ብር**** በላይ የሆኑ
****#ሁለት_ዕቃዎች**** በአንድዲሊቨሪ ግዜ  ሲያዙ ስጦታ እንልክለዎታለን 
🎁 ****T.me/Leyueqa**** 👈ቻናላችንን ለጓደኛዎ ሸር ማድረግዎን አይርሱ 
            ****0933334444**** ****@LeMazez_z****
            ****0944109295**** ****@Lemaze_z****
            ****0946242424**** ****@Le_Mazez****                           **",12062
ልዩ እቃ,Leyueqa,2025-06-19 12:41:01+00:00,"🔝🔝🔝Saachi 3 in 1 ORIGINAL የጁስ+የቡና+የቅመም
➕1.6 litre high capacity plastic jar
➕2 speed control with pulse
➕Full safety switch
⚡️Powerful motor
⭐️Ultra sharp blade
✅Rotary switch for easy operate
🔻Plastic lined grinding mill

💵ዋጋ 2900  ከነፃ ዲሊቨሪ ጋር 💵

🔖**አድራሻ** 
🥇ቁጥር 1 ልደታ ወደ ባልቻ ሆስፒታል ገባ ብሎ  አህመድ ህንፃ ላይ 1ኛፎቅ 114B

**ባሉበት  ያለተጨማሪ ክፍያ ማዘዝ ይችላሉ **
0933334444 @LeMazez_z
0946242424 @Le_Mazez
0944109295 @Lemaze_z",13691
ልዩ እቃ,Leyueqa,2025-06-19 08:12:15+00:00,,13312
ልዩ እቃ,Leyueqa,2025-06-19 08:12:15+00:00,,15301
ልዩ እቃ,Leyueqa,2025-06-19 08:12:15+00:00,,14089
ልዩ እቃ,Leyueqa,2025-06-19 08:12:15+00:00,,12502
ልዩ እቃ,Leyueqa,2025-06-19 08:12:15+00:00,"🔝🔝🔝🔝Bamboo Trey
  3pc ✅
**Price✅ 3300 ከነፃ ዲሊቨሪ ጋር**
            0933334444 @LeMazez_z 
            0946242424 @Le_Mazez
            0944109295 @Lemaze_z
#ክፍያዎን_በሞባይል_ባንኪንግ_መፈፀምም_ይችላሉ በተጨማሪ #ከ_1000_ብር** በላይ** የሆኑ
#ሁለት_ዕቃዎች ሲገዙ ስጦታ እንልክለዎታለን 
🎁 T.me/Leyueqa 👈ቻናላችንን ለጓደኛዎ ሸር ማድረግዎን አይርሱ   ",12440
ምርጥ ዕቃ,MerttEka,2025-06-24 05:29:25+00:00,"🍹🏝Sokany  4 in 1hand blender 

TikTok 📱 tiktok.com/@mirtteka
Telegram📱 t.me/MerttEka 

📎ለወዳጆችዎ forward ያድርጉ",3126
ምርጥ ዕቃ,MerttEka,2025-06-24 05:19:41+00:00,,3311
ምርጥ ዕቃ,MerttEka,2025-06-24 05:19:41+00:00,,3281
ምርጥ ዕቃ,MerttEka,2025-06-24 05:19:41+00:00,"🍹🏝SOKANY 4 IN 1 HAND BLENDER

🧃 የህፃናት  ምግብ ለማዘጋጀት የሚፈለግ
🧃ጁስ፣ሽንኩርት፣ ስጋ እና አትክልቶችን ይፈጩበታል
🧃እንቁላልና ክሬም ይመቱበታል
☄️300Watt ጉልበት ያለው
🧃ሞተሩ 100% Copper 

💵💵4000 ብር 💵💵

🚗A.A  Delivery 👉 100 ብር ብቻ

🚗 መኪና ማቆሚያ ከተቸገሩ ይደውሉልን እናቀብልዎታለን

🔤🔤🔤🔤🔤 🔤🔤🔤

📞0944-22-23-24 / @ordermertteka1

📞 0904-94-48-48 / @ordermertteka2

📌ሞባይል ባንኪንግ እንጠቀማለን
  
🌐አድራሻችን🌐

🔍መገናኛ ዘፍመሽ ግራንድ ሞል 3ኛ ፎቅ ከሊፍት ሲወርዱ ወደ ቀኝ ታጥፈው ቀጥታ 376‌

TikTok 📱 tiktok.com/@mirtteka
Telegram📱 t.me/MerttEka 

📎ለወዳጆችዎ forward ያድርጉ",2828
ምርጥ ዕቃ,MerttEka,2025-06-23 13:05:25+00:00,"🚰🚰ALUMINUM Water JUG AND DISPENSER

TikTok 📱 tiktok.com/@mirtteka
Telegram📱  t.me/MerttEka 

🗣️ለወዳጆችዎ forward ያድርጉ",7063
ምርጥ ዕቃ,MerttEka,2025-06-23 12:42:36+00:00,,7350
ምርጥ ዕቃ,MerttEka,2025-06-23 12:42:36+00:00,,7382
ምርጥ ዕቃ,MerttEka,2025-06-23 12:42:36+00:00,"🚰🚰ALUMINUM Water JUG AND DISPENSER

✨100% quality thermose jug

✨6L + 6L ( እያንዳዱ water storage 6 ሊትር የሚይዝ ጠቅላላ 12 ሊትር መያዝ የሚያስችል)

✨ውስጡ በ Aluminum የተሰራ ስለ ሆነ የማይዝግ 

✨ቀዝቃዛ እና ሙቅ  ፈሳሽን ባለበት የሙቀት መጠን ጠብቆ ለረጅም ሰዓታት የሚያቆይ 

✨እቃውን ሙቅ ወይም ቀዝቃዛ ውሀ በመሙላት የምንፈልገውን መጠጥ (beverage) ይዘን ለመጓጓዝ የሚያስችል 

✨ሁለቱም ክፍሎች የራሳቸው መቅጂያ ቧንቫ ያላቸው
 ድግስና ግብዠ ካለብዎት ሁለት አይነት ቀዝቃዛ መጠጠና ትኩስ መጠጥ ለማቅረብ ያስችልዎታል

✨2 መጠጫ ያለው

💵💵14,000💵💵

🚗A.A  Delivery 👉 100 ብር ብቻ

🚗 መኪና ማቆሚያ ከተቸገሩ ይደውሉልን እናቀብልዎታለን

🔤🔤🔤🔤🔤 🔤🔤🔤

📞0944-22-23-24 / @ordermertteka1

📞 0904-94-48-48 / @ordermertteka2

📌ሞባይል ባንኪንግ እንጠቀማለን
  
🌐አድራሻችን🌐

🔍መገናኛ ዘፍመሽ ግራንድ ሞል 3ኛ ፎቅ ከሊፍት ሲወርዱ ወደ ቀኝ ታጥፈው ቀጥታ 376‌

TikTok 📱 tiktok.com/@mirtteka
Telegram📱  t.me/MerttEka 

📎ለወዳጆችዎ forward ያድርጉ",6297
ምርጥ ዕቃ,MerttEka,2025-06-23 07:38:19+00:00,"🏃👟👕Shoes dryer 

TikTok 📱 tiktok.com/@mirtteka
Telegram📱  t.me/MerttEka 

📎ለወዳጆችዎ forward ያድርጉ",8185
ምርጥ ዕቃ,MerttEka,2025-06-23 07:21:47+00:00,,8243
ምርጥ ዕቃ,MerttEka,2025-06-23 07:21:47+00:00,,8408
ምርጥ ዕቃ,MerttEka,2025-06-23 07:21:47+00:00,"👠👞 Shoes dryer 


👕 (360° የሙቀት አየር  የሚያስወጣ) ጫማውን ከሁሉም አቅጣጫ በሙቀት እንዲደርቅ የሚያስችል

☄️150 watt ጉልበት ያለው

👕ባክቴሪያን በማጥፋት ሽታ የሚያስወገድ

 👕በ(46 °c) ሙቀት ጫማ እንዲሁም ካልሲ ለማድረቅ ምቹ

👕ለአጠቃቀም ምቹ እና ቀላል

👕ለክረምት ወቅት አስተማማኝ መፍትሄ 

💵💵3300💵💵

🚗A.A  Delivery 👉 100 ብር ብቻ

🚗 መኪና ማቆሚያ ከተቸገሩ ይደውሉልን እናቀብልዎታለን

🔤🔤🔤🔤🔤 🔤🔤🔤

📞0944-22-23-24 / @ordermertteka1

📞 0904-94-48-48 / @ordermertteka2

📌ሞባይል ባንኪንግ እንጠቀማለን
  
🌐አድራሻችን🌐

🔍መገናኛ ዘፍመሽ ግራንድ ሞል 3ኛ ፎቅ ከሊፍት ሲወርዱ ወደ ቀኝ ታጥፈው ቀጥታ 376‌

TikTok 📱 tiktok.com/@mirtteka
Telegram📱  t.me/MerttEka 

📎ለወዳጆችዎ forward ያድርጉ",7868
ምርጥ ዕቃ,MerttEka,2025-06-22 13:28:35+00:00,"🚽 Toilet Seat Plastic Cover

✔️ የWC መፀዳጃ መቀመጫ መሸፈኛ ፕላስቲክ
✔️ የህዝብ መፀዳጃ ቤት ውስጥ ሳይሸክኩ ደስ ብሎዎት ለመቀመጥ ይረዳዎታል

🛡 ደግመው ደጋግመው እያጠቡ የሚጠቀሙበት

💵💵 20pc..... 700 ብር💵💵

🚗A.A  Delivery 👉 100 ብር ብቻ

🚗 መኪና ማቆሚያ ከተቸገሩ ይደውሉልን እናቀብልዎታለን

🔤🔤🔤🔤🔤 🔤🔤🔤

📞0944-22-23-24 / @ordermertteka1

📞 0904-94-48-48 / @ordermertteka2

📌ሞባይል ባንኪንግ እንጠቀማለን
  
🌐አድራሻችን🌐

🔍መገናኛ ዘፍመሽ ግራንድ ሞል 3ኛ ፎቅ ከሊፍት ሲወርዱ ወደ ቀኝ ታጥፈው ቀጥታ 376‌



TikTok 📱 tiktok.com/@mirtteka
Telegram📱  t.me/MerttEka 

📎ለወዳጆችዎ forward ያድርጉ",10083
ምርጥ ዕቃ,MerttEka,2025-06-21 13:05:00+00:00,"⛺ Kids Playing Tent

TikTok  📱tiktok.com/@mirtteka
Telegram📱  t.me/MerttEka 

📎ለወዳጆችዎ forward ያድርጉ",11122
ምርጥ ዕቃ,MerttEka,2025-06-21 11:34:07+00:00,"⛺ Kids indoor playing Tent

✔️ የልጆች  የቤት ውስጥ መጫወቻ ድንኳን
✔️በቀላሉ የሚዘረጋ እና የሚታጠፍ
✔️ አንድ በር አለው
🛡 በሁለት በኩል ባለ ወንፊት
⛺ ዕድሜያቸው 3 አመትና ከዚያ በላይ ለሆኑ ልጆች ተመራጭ

💵💵 2100 ብር💵💵

🚗A.A  Delivery 👉 100 ብር ብቻ

🚗 መኪና ማቆሚያ ከተቸገሩ ይደውሉልን እናቀብልዎታለን

🔤🔤🔤🔤🔤 🔤🔤🔤

📞0944-22-23-24 / @ordermertteka1

📞 0904-94-48-48 / @ordermertteka2

📌ሞባይል ባንኪንግ እንጠቀማለን
  
🌐አድራሻችን🌐

🔍መገናኛ ዘፍመሽ ግራንድ ሞል 3ኛ ፎቅ ከሊፍት ሲወርዱ ወደ ቀኝ ታጥፈው ቀጥታ 376‌



TikTok 📱 tiktok.com/@mirtteka
Telegram📱  t.me/MerttEka 

📎ለወዳጆችዎ forward ያድርጉ",11060
ምርጥ ዕቃ,MerttEka,2025-06-21 11:34:07+00:00,,11079
ምርጥ ዕቃ,MerttEka,2025-06-21 11:34:07+00:00,,9663
ምርጥ ዕቃ,MerttEka,2025-06-21 07:36:45+00:00,"📣 POTATO MASHER

🛡 የድንች/ካሮት/ሩዝ መፍጪያ
🛡   ከማይዝግ ብረት የተሰራ
🛡 የህፃናት ምግብ ለመፍጨት ተመራጭ

💵💵 750 ብር 💵💵

🚗A.A  Delivery 👉 100 ብር ብቻ

🚗 መኪና ማቆሚያ ከተቸገሩ ይደውሉልን እናቀብልዎታለን

🔤🔤🔤🔤🔤 🔤🔤🔤

📞0944-22-23-24 / @ordermertteka1

📞 0904-94-48-48 / @ordermertteka2

📌ሞባይል ባንኪንግ እንጠቀማለን
  
🌐አድራሻችን🌐

🔍መገናኛ ዘፍመሽ ግራንድ ሞል 3ኛ ፎቅ ከሊፍት ሲወርዱ ወደ ቀኝ ታጥፈው ቀጥታ 376‌



TikTok 📱 tiktok.com/@mirtteka
Telegram📱  t.me/MerttEka 

📎ለወዳጆችዎ forward ያድርጉ",10106
ምርጥ ዕቃ,MerttEka,2025-06-21 07:34:20+00:00,"📣 POTATO MASHER

🛡 የድንች/ካሮት/ሩዝ መፍጪያ
🛡 ከ 120°c-150°c ሙቀት ይቋቋማል
🛡ከBPA ነፃ ከሆነ ቁስ የተመረተ
🛡 እጄታው ጠንካራ 
🛡 ከወፍራም ካርቦኔትድ ፕላስቲክ የተሰራ
🛡 የህፃናት ምግብ ለመፍጨት ተመራጭ

💵💵 750 ብር 💵💵

🚗A.A  Delivery 👉 100 ብር ብቻ

🚗 መኪና ማቆሚያ ከተቸገሩ ይደውሉልን እናቀብልዎታለን

🔤🔤🔤🔤🔤 🔤🔤🔤

📞0944-22-23-24 / @ordermertteka1

📞 0904-94-48-48 / @ordermertteka2

📌ሞባይል ባንኪንግ እንጠቀማለን
  
🌐አድራሻችን🌐

🔍መገናኛ ዘፍመሽ ግራንድ ሞል 3ኛ ፎቅ ከሊፍት ሲወርዱ ወደ ቀኝ ታጥፈው ቀጥታ 376‌



TikTok 📱 tiktok.com/@mirtteka
Telegram📱  t.me/MerttEka 

📎ለወዳጆችዎ forward ያድርጉ",10221
ምርጥ ዕቃ,MerttEka,2025-06-21 07:34:20+00:00,,10835
ምርጥ ዕቃ,MerttEka,2025-06-21 07:34:20+00:00,,9518
ምርጥ ዕቃ,MerttEka,2025-06-20 11:48:13+00:00,"🍢🍢🍢BBQ STEAK MEAT MAKER

TikTok  📱tiktok.com/@mirtteka
Telegram📱  t.me/MerttEka 

📎ለወዳጆችዎ forward ያድርጉ",12112
ምርጥ ዕቃ,MerttEka,2025-06-20 11:29:15+00:00,,11756
ምርጥ ዕቃ,MerttEka,2025-06-20 11:29:15+00:00,,12699
ምርጥ ዕቃ,MerttEka,2025-06-20 11:29:15+00:00,"🍢🍢🍢BBQ STEAK MEAT MAKER

🍖በአንድ ጊዜ እስከ 36  steak  🍢 መስራት የሚያስችል 
 
🍖ስለታማ ነገሮች ጋር ቀጥተኛ ግንኙነት እንዳይኖር ስለሚያስችል ለ safety  አስተማማኝ 

🍖በፍጥነት እና በብዛት steak   መስራት የሚያስችል ምርጥ እቃ 

🍖ለቤት እንዲሁም ለ cafe የሚሆን

💵💵1100💵💵

🚗A.A  Delivery 👉 100 ብር ብቻ

🚗 መኪና ማቆሚያ ከተቸገሩ ይደውሉልን እናቀብልዎታለን

🔤🔤🔤🔤🔤 🔤🔤🔤

📞0944-22-23-24 / @ordermertteka1

📞 0904-94-48-48 / @ordermertteka2

📌ሞባይል ባንኪንግ እንጠቀማለን
  
🌐አድራሻችን🌐

🔍መገናኛ ዘፍመሽ ግራንድ ሞል 3ኛ ፎቅ ከሊፍት ሲወርዱ ወደ ቀኝ ታጥፈው ቀጥታ 376‌



TikTok 📱 tiktok.com/@mirtteka
Telegram📱  t.me/MerttEka 

📎ለወዳጆችዎ forward ያድርጉ",10520
ምርጥ ዕቃ,MerttEka,2025-06-20 06:10:16+00:00,"📣 2 in 1 Egg Slicer

TikTok 📱 tiktok.com/@mirtteka
Telegram📱  t.me/MerttEka 

📎ለወዳጆችዎ forward ያድርጉ",12361
ምርጥ ዕቃ,MerttEka,2025-06-20 06:07:52+00:00,,11881
ምርጥ ዕቃ,MerttEka,2025-06-20 06:07:52+00:00,,12272
ምርጥ ዕቃ,MerttEka,2025-06-20 06:07:52+00:00,"📣 2 in 1 Egg Slicer

✔️  የተቀቀለ እንቁላልና ድንች መሰንጠቂያ
✔️ ሁለት አይነት አቆራረጥ
✔️ ፅድት ያለ ምግብ ዝግጅት

💵💵800 ብር💵💵

🚗A.A  Delivery 👉 100 ብር ብቻ

🚗 መኪና ማቆሚያ ከተቸገሩ ይደውሉልን እናቀብልዎታለን

🔤🔤🔤🔤🔤 🔤🔤🔤

📞0944-22-23-24 / @ordermertteka1

📞 0904-94-48-48 / @ordermertteka2

📌ሞባይል ባንኪንግ እንጠቀማለን
  
🌐አድራሻችን🌐

🔍መገናኛ ዘፍመሽ ግራንድ ሞል 3ኛ ፎቅ ከሊፍት ሲወርዱ ወደ ቀኝ ታጥፈው ቀጥታ 376‌



TikTok 📱 tiktok.com/@mirtteka
Telegram📱  t.me/MerttEka 

📎ለወዳጆችዎ forward ያድርጉ",10518
ምርጥ ዕቃ,MerttEka,2025-06-19 13:50:44+00:00,,13585
ምርጥ ዕቃ,MerttEka,2025-06-19 13:50:44+00:00,,13678
ምርጥ ዕቃ,MerttEka,2025-06-19 13:50:44+00:00,"📣 Su Tai Electric Touch Stove

✔️  Ceramic Stove
☄️ 3500Watt+3500Watt
✔️ ፍሳሽ የማያስገባ
✔️  ፈጣን ሃይል ያለው
✔️  Timer እና Lock የተገጠመለት
✔️  ለማንኛውም ድስት የሚሆን

💵💵9000 ብር 💵💵

🚗A.A  Delivery 👉 100 ብር ብቻ

🚗 መኪና ማቆሚያ ከተቸገሩ ይደውሉልን እናቀብልዎታለን

🔤🔤🔤🔤🔤 🔤🔤🔤

📞0944-22-23-24 / @ordermertteka1

📞 0904-94-48-48 / @ordermertteka2

📌ሞባይል ባንኪንግ እንጠቀማለን
  
🌐አድራሻችን🌐

🔍መገናኛ ዘፍመሽ ግራንድ ሞል 3ኛ ፎቅ ከሊፍት ሲወርዱ ወደ ቀኝ ታጥፈው ቀጥታ 376‌



TikTok 📱 tiktok.com/@mirtteka
Telegram📱  t.me/MerttEka 

📎ለወዳጆችዎ forward ያድርጉ",11621
BELLA CLASSIC®,belaclassic,2025-06-19 09:02:05+00:00,"💵 PRICE :- 4400 ብር
☎️ phone :- 0944222069
👟 brand  :- PUMA SPIREX

📐 size :- 39,40,41,42,43,44
📍 አድራሻ :- ሜክሲኮ ኬኬር ህንፃ 2ኛ ፎቅ በመጀመሪያው በስተቀኝ እጥፍ ሲሉ ሱቅ.ቁ 213",5437
AwasMart-አዋስማርት🎁,AwasMart,2025-06-23 13:03:49+00:00,❇️16 in 1 Multipurpose Vegetable Cutter,1567
AwasMart-አዋስማርት🎁,AwasMart,2025-06-23 13:03:49+00:00,"❇️16 in 1 Multipurpose Vegetable Cutter

    ዋጋ💵፦  💰1,200 ብር

💬በቴሌግራም ለማዘዝ @wamrt1
                                   @wamrt2
📍አድራሻችን:-
1️⃣.📌 ሜክሲኮ አልሳም አፓርታማ ግራውንድ ቁ. 29

2️⃣.📌 ቦሌ መድሐኔዓለም ቦሌ መሰናዶ ት/ቤት ፊትለፊት አለምነሽ ፕላዛ ግራውንድ ሱቅ ቁጥር 05 

📻(+251941661030 / +251943190237)

👍ለወዳጅዎ ስላጋሩ እናመሠግናለን ☺️

🤪 ቴሌግራም ቻናል t.me/AwasMart

📌📌📌📌📌📌📌📌📌📌📌",1509
AwasMart-አዋስማርት🎁,AwasMart,2025-06-23 06:18:23+00:00,"🍽🍽🍽🍽🍽🍽😋😋😋😋😋😋
❇️2Pcs Baby Silicone Spoon

ዋጋ💵፦  💰 350 ብር

💬በቴሌግራም ለማዘዝ @wamrt1
                                   @wamrt2
📍አድራሻችን:-
1️⃣.📌 ሜክሲኮ አልሳም አፓርታማ ግራውንድ ቁ. 29

2️⃣.📌 ቦሌ መድሐኔዓለም ቦሌ መሰናዶ ት/ቤት ፊትለፊት አለምነሽ ፕላዛ ግራውንድ ሱቅ ቁጥር 05 

📻(+251941661030 / +251943190237)

👍ለወዳጅዎ ስላጋሩ እናመሠግናለን ☺️

🤪 ቴሌግራም ቻናል t.me/AwasMart

📌📌📌📌📌📌📌📌📌📌📌",1826
AwasMart-አዋስማርት🎁,AwasMart,2025-06-23 06:17:37+00:00,,1587
AwasMart-አዋስማርት🎁,AwasMart,2025-06-23 06:17:37+00:00,,1598
AwasMart-አዋስማርት🎁,AwasMart,2025-06-23 06:17:37+00:00,,1503
AwasMart-አዋስማርት🎁,AwasMart,2025-06-23 06:17:36+00:00,"🍽🍽🍽🍽🍽🍽😋😋😋😋😋😋
❇️Bendable Eat Training ()

ዋጋ💵፦  💰 350 ብር

💬በቴሌግራም ለማዘዝ @wamrt1
                                   @wamrt2
📍አድራሻችን:-
1️⃣.📌 ሜክሲኮ አልሳም አፓርታማ ግራውንድ ቁ. 29

2️⃣.📌 ቦሌ መድሐኔዓለም ቦሌ መሰናዶ ት/ቤት ፊትለፊት አለምነሽ ፕላዛ ግራውንድ ሱቅ ቁጥር 05 

📻(+251941661030 / +251943190237)

👍ለወዳጅዎ ስላጋሩ እናመሠግናለን ☺️

🤪 ቴሌግራም ቻናል t.me/AwasMart

📌📌📌📌📌📌📌📌📌📌📌",1590
AwasMart-አዋስማርት🎁,AwasMart,2025-06-22 11:55:19+00:00,"🤎🚽🚽🚽🚽🚽🚽🚽🚽🚽🚽🚽
❇️Baby toilet seat/ potty seat

ዋጋ💵፦  💰 1,000 ብር

💬በቴሌግራም ለማዘዝ @wamrt1
                                   @wamrt2
📍አድራሻችን:-
1️⃣.📌 ሜክሲኮ አልሳም አፓርታማ ግራውንድ ቁ. 29

2️⃣.📌 ቦሌ መድሐኔዓለም ቦሌ መሰናዶ ት/ቤት ፊትለፊት አለምነሽ ፕላዛ ግራውንድ ሱቅ ቁጥር 05 

📻(+251941661030 / +251943190237)

👍ለወዳጅዎ ስላጋሩ እናመሠግናለን ☺️

🤪 ቴሌግራም ቻናል t.me/AwasMart

📌📌📌📌📌📌📌📌📌📌📌",2116
AwasMart-አዋስማርት🎁,AwasMart,2025-06-21 16:43:54+00:00,"🔖🔖🔖🔖🔖🔖🔖🔖🔖🔖🔖🔖
ውድ ደንበኞቻችን ሱቃችን ነገ እሁድ ከ4:30-11:00 ሰዓት ክፍት መሆኑን በአክብሮት እንገልፃለን።

📍አድራሻችን:-
📌 ቦሌ መድሐኔዓለም ቦሌ መሰናዶ ት/ቤት ፊትለፊት አለምነሽ ፕላዛ ግራውንድ ሱቅ ቁጥር 05 

📻(+251941661030 / +251943190237)

👍ለወዳጅዎ ስላጋሩ እናመሠግናለን ☺️

🤪 ቴሌግራም ቻናል t.me/AwasMart

📌📌📌📌📌📌📌📌📌📌📌",2292
AwasMart-አዋስማርት🎁,AwasMart,2025-06-21 16:43:12+00:00,"🍪🍪🍪🍪🍪🍪🍪🍪🍪🍪🍪🍪
❇️Baby suction bowl",1998
AwasMart-አዋስማርት🎁,AwasMart,2025-06-21 16:43:12+00:00,,1818
AwasMart-አዋስማርት🎁,AwasMart,2025-06-21 16:42:32+00:00,"🍪🍪🍪🍪🍪🍪🍪🍪🍪🍪🍪🍪
❇️Baby suction bowl

👉 ባለ ሁለት ክፍል የልጆች መመገቢያ ሳህን
👉 እድሜያቸው ከ6ወር ጀምር ላሉ ህፃናት የሚመከር
👉 የራሱ ማንኪያ እና ሹካ ያለው
👉 በአንድ ግዜ 4 አይነት ምግብ ለመመገብ ያስችላል
👉 ከጠረንጴዛ ተንሸራቶ እንዳይወድቅ ማጣበቂያ ያለው
👉BPA free

    ዋጋ💵፦  💰 600 ብር

💬በቴሌግራም ለማዘዝ @wamrt1
                                   @wamrt2
📍አድራሻችን:-
1️⃣.📌 ሜክሲኮ አልሳም አፓርታማ ግራውንድ ቁ. 29

2️⃣.📌 ቦሌ መድሐኔዓለም ቦሌ መሰናዶ ት/ቤት ፊትለፊት አለምነሽ ፕላዛ ግራውንድ ሱቅ ቁጥር 05 

📻(+251941661030 / +251943190237)

👍ለወዳጅዎ ስላጋሩ እናመሠግናለን ☺️

🤪 ቴሌግራም ቻናል t.me/AwasMart

📌📌📌📌📌📌📌📌📌📌📌",2012
AwasMart-አዋስማርት🎁,AwasMart,2025-06-21 07:36:56+00:00,,2241
AwasMart-አዋስማርት🎁,AwasMart,2025-06-21 07:36:56+00:00,,2384
AwasMart-አዋስማርት🎁,AwasMart,2025-06-21 07:36:55+00:00,,2176
AwasMart-አዋስማርት🎁,AwasMart,2025-06-21 07:36:55+00:00,,2280
AwasMart-አዋስማርት🎁,AwasMart,2025-06-21 07:36:55+00:00,"❇️Baby bank feeding bottle

       ዋጋ💵፦  💰 2,000 ብር

💬በቴሌግራም ለማዘዝ @wamrt1
                                   @wamrt2
📍አድራሻችን:-
1️⃣.📌 ሜክሲኮ አልሳም አፓርታማ ግራውንድ ቁ. 29

2️⃣.📌 ቦሌ መድሐኔዓለም ቦሌ መሰናዶ ት/ቤት ፊትለፊት አለምነሽ ፕላዛ ግራውንድ ሱቅ ቁጥር 05 

📻(+251941661030 / +251943190237)

👍ለወዳጅዎ ስላጋሩ እናመሠግናለን ☺️

🤪 ቴሌግራም ቻናል t.me/AwasMart

📌📌📌📌📌📌📌📌📌📌📌",2245
AwasMart-አዋስማርት🎁,AwasMart,2025-06-20 10:53:49+00:00,🌵Dancing Cactus Toy,2583
AwasMart-አዋስማርት🎁,AwasMart,2025-06-20 10:53:49+00:00,🌵Dancing Cactus Toy,2568
AwasMart-አዋስማርት🎁,AwasMart,2025-06-20 10:53:15+00:00,"🌵Dancing Cactus Toy 

😱ልጆቼ በምን ይዝናኑ ብሎ መጨነቅ ቀረ 😱
👶የሕጻናት አጫዋች❤
🔹በቻርጅ የሚሰራ🔋
🔹ድምጽ / ሙዚቃ 🔊 ሲከፈት የሚደንስ🥳
🔹የልጆችን ትኩረት👀 የሚስብ
🔹ልጆች በሚናገሩትን ደግሞ እያወራ የሚያዝናናቸው 
🌵ተክል የሚመስል ጌጥ

       ዋጋ💵፦  💰1,000 ብር

💬በቴሌግራም ለማዘዝ @wamrt1
                                   @wamrt2
📍አድራሻችን:-
1️⃣.📌 ሜክሲኮ አልሳም አፓርታማ ግራውንድ ቁ. 29

2️⃣.📌 ቦሌ መድሐኔዓለም ቦሌ መሰናዶ ት/ቤት ፊትለፊት አለምነሽ ፕላዛ ግራውንድ ሱቅ ቁጥር 05 

📻(+251941661030 / +251943190237)

👍ለወዳጅዎ ስላጋሩ እናመሠግናለን ☺️

🤪 ቴሌግራም ቻናል t.me/AwasMart

📌📌📌📌📌📌📌📌📌📌📌",2441
AwasMart-አዋስማርት🎁,AwasMart,2025-06-20 07:15:50+00:00,"🍽🍽🍽🍽🍽🍽🍽🍽🍽🍽🍽🍽
❇️12pcs Silicone Kitchen Set",2233
AwasMart-አዋስማርት🎁,AwasMart,2025-06-20 07:15:50+00:00,,2151
AwasMart-አዋስማርት🎁,AwasMart,2025-06-20 07:15:50+00:00,"❇️12pcs Silicone Kitchen Set

👉available colors:- black and dark grey

         ዋጋ💵፦  💰2,000 ብር

💬በቴሌግራም ለማዘዝ @wamrt1
                                   @wamrt2
📍አድራሻችን:-
1️⃣.📌 ሜክሲኮ አልሳም አፓርታማ ግራውንድ ቁ. 29

2️⃣.📌 ቦሌ መድሐኔዓለም ቦሌ መሰናዶ ት/ቤት ፊትለፊት አለምነሽ ፕላዛ ግራውንድ ሱቅ ቁጥር 05 

📻(+251941661030 / +251943190237)

👍ለወዳጅዎ ስላጋሩ እናመሠግናለን ☺️

🤪 ቴሌግራም ቻናል t.me/AwasMart

📌📌📌📌📌📌📌📌📌📌📌",2273
AwasMart-አዋስማርት🎁,AwasMart,2025-06-19 13:06:12+00:00,"👨‍💻👩‍💻🧑‍💻👩‍💻👨‍💻😴🧑‍💻👩‍💻👨‍💻👨‍💻 
Foldable Height Adjustable Metal Frame Laptop Stand",2707
AwasMart-አዋስማርት🎁,AwasMart,2025-06-19 13:06:12+00:00,"👩‍💻 Foldable Height Adjustable Metal Frame Laptop Stand👨‍💻
🔰Help your sitting posture
💯 High  Quality ( የብረቱ )

ላፕቶፕ ጭን ላይ አስቀምጠው መጠቀም ለከፋ ጉዳት እንደሚያጋልጥ የጤና ባለሙያዎች ይናገራሉ ፤ እንዲሁም ቴብል ላይ አድርገዉ ሲጠቀሙ ፋኑ ስለሚደፈን  ከፍተኛ ሙቀት በመፍጠር ድምፅ ያሰማል። 

ለዚህ ሁሉ መፍትሄ ተጣጣፊ የላፕቶፕ ፣ ታብሌት Holder በተመጣጣኝ ዋጋ ገዝተዉ የእርስዎንና የላፕቶፕዎን ጤንነት ይጠብቁ።

       ዋጋ💵፦  💰1,000 ብር

💬በቴሌግራም ለማዘዝ @wamrt1
                                   @wamrt2
📍አድራሻችን:-
1️⃣.📌 ሜክሲኮ አልሳም አፓርታማ ግራውንድ ቁ. 29

2️⃣.📌 ቦሌ መድሐኔዓለም ቦሌ መሰናዶ ት/ቤት ፊትለፊት አለምነሽ ፕላዛ ግራውንድ ሱቅ ቁጥር 05 

📻(+251941661030 / +251943190237)

👍ለወዳጅዎ ስላጋሩ እናመሠግናለን ☺️

🤪 ቴሌግራም ቻናል t.me/AwasMart

📌📌📌📌📌📌📌📌📌📌📌",2514
